_stem,corpus_group,n_crowd_beats,n_gt_beats,crowd_median_ioi_s,gt_median_ioi_s,metrical_ratio,metrical_class,phase_offset_ms,phase_async,bimodal_strength,bimodal_flag,F,AMLt,CMLt,corpus,crowd_rating,ref_rating,rating_delta,metrical_label
0001_12step,benchmark100,28,29,0.5305,0.531,0.999,tactus_match,,False,0.0,False,0.0,1.0,0.0,harmonix,6.05,4.15,1.8999999999999995,Matched rate
0003_6foot7foot,benchmark100,42,21,0.358,0.7143,0.501,double_time,51.6,False,0.0,False,0.667,0.929,0.0,harmonix,5.181818181818182,4.25,0.9318181818181817,Crowd double rate
0004_abc,benchmark100,24,24,0.6368,0.6398,0.995,tactus_match,,False,0.833,True,0.0,0.625,0.0,harmonix,4.461538461538462,3.4615384615384617,1.0,Matched rate
0005_again,benchmark100,39,39,0.3848,0.3846,1.0,tactus_match,-25.4,True,0.273,False,0.974,0.974,0.974,harmonix,3.6666666666666665,3.952380952380953,-0.2857142857142865,Matched rate
001_youtube_fV4DiAyExN0,benchmark100,42,21,0.3607,0.7238,0.498,double_time,30.1,False,0.054,False,0.667,0.976,0.0,tapcorrect,5.461538461538462,4.6923076923076925,0.7692307692307692,Crowd double rate
002_youtube_CvMfvuJsYmE,benchmark100,33,33,0.4481,0.4501,0.996,tactus_match,-23.4,True,0.0,False,1.0,1.0,1.0,tapcorrect,4.8,5.4,-0.6000000000000005,Matched rate
003_youtube_tXjqKzX28LI,benchmark100,37,37,0.3996,0.3993,1.001,tactus_match,-42.0,True,0.0,False,1.0,1.0,1.0,tapcorrect,5.285714285714286,4.571428571428571,0.7142857142857144,Matched rate
004_youtube_IwOfCgkyEj0,benchmark100,25,24,0.6094,0.6085,1.001,tactus_match,-54.9,True,0.0,False,0.939,0.96,0.96,tapcorrect,5.4,4.9,0.5,Matched rate
0054_conceited,benchmark100,25,25,0.6036,0.603,1.001,tactus_match,,False,0.0,False,0.0,0.96,0.0,harmonix,6.0,5.9,0.09999999999999964,Matched rate
005_youtube_RB-RcX5DS5A,benchmark100,18,18,0.8192,0.822,0.997,tactus_match,-144.1,True,4.0,True,0.0,0.056,0.056,tapcorrect,5.25,3.5,1.75,Matched rate
00_Funk3-98-A_comp_mix,benchmark100,31,24,0.4854,0.6122,0.793,other_flip,-27.1,False,0.091,False,0.291,0.0,0.0,guitarset,2.8947368421052633,3.0526315789473686,-0.1578947368421053,Non-integer
00_Rock2-85-F_comp_mix,benchmark100,21,21,0.707,0.7059,1.002,tactus_match,-31.6,True,0.278,False,1.0,1.0,1.0,guitarset,5.0,5.1,-0.09999999999999964,Matched rate
00_SS1-68-E_comp_mix,benchmark100,17,17,0.882,0.8824,1.0,tactus_match,-19.2,False,0.7,True,1.0,1.0,1.0,guitarset,3.636363636363636,3.636363636363636,0.0,Matched rate
00_SS2-88-F_comp_mix,benchmark100,22,22,0.6809,0.6818,0.999,tactus_match,-3.5,False,0.0,False,1.0,1.0,1.0,guitarset,3.8,4.0,-0.20000000000000018,Matched rate
0191_newslang,benchmark100,33,33,0.4607,0.4615,0.998,tactus_match,39.3,True,0.0,False,1.0,1.0,1.0,harmonix,4.6923076923076925,3.692307692307693,0.9999999999999996,Matched rate
01_Funk2-108-Eb_comp_mix,benchmark100,27,28,0.5564,0.5556,1.002,tactus_match,-5.4,False,0.08,False,0.982,0.964,0.964,guitarset,4.6923076923076925,4.615384615384615,0.07692307692307754,Matched rate
025_youtube_8jsFGdeWNPo,benchmark100,21,21,0.6984,0.6952,1.005,tactus_match,-40.2,True,0.267,False,0.905,1.0,1.0,tapcorrect,4.5,5.166666666666667,-0.666666666666667,Matched rate
02_BN3-119-G_comp_mix,benchmark100,30,30,0.5047,0.5042,1.001,tactus_match,-21.5,True,0.0,False,1.0,1.0,1.0,guitarset,5.0588235294117645,5.529411764705882,-0.47058823529411775,Matched rate
02_Jazz2-110-Bb_comp_mix,benchmark100,27,27,0.5459,0.5455,1.001,tactus_match,-14.4,False,0.0,False,1.0,1.0,1.0,guitarset,2.636363636363636,3.9166666666666665,-1.2803030303030307,Matched rate
03_SS3-84-Bb_comp_mix,benchmark100,32,22,0.4739,0.7143,0.663,other_flip,-5.2,False,0.308,False,0.407,0.0,0.0,guitarset,2.727272727272727,3.1818181818181817,-0.4545454545454546,Non-integer
054_youtube_UgL4N4Hf1dk,benchmark100,32,33,0.4544,0.4545,1.0,tactus_match,-15.2,False,0.0,False,0.985,0.97,0.97,tapcorrect,5.631578947368421,5.45,0.18157894736842106,Matched rate
071_youtube_WBQ03PXMpqY,benchmark100,40,41,0.3702,0.3688,1.004,tactus_match,-19.8,False,0.0,False,0.938,0.902,0.902,tapcorrect,5.444444444444445,5.333333333333333,0.1111111111111116,Matched rate
0773_kissmethruthephone,benchmark100,38,19,0.4,0.8,0.5,double_time,8.1,False,0.097,False,0.667,0.974,0.0,harmonix,4.476190476190476,5.095238095238095,-0.6190476190476186,Crowd double rate
0948_thislove,benchmark100,24,24,0.6327,0.6312,1.002,tactus_match,,False,0.421,True,0.0,0.958,0.0,harmonix,6.083333333333333,3.0833333333333335,2.9999999999999996,Matched rate
Albums-AnaBelen_Veneo-13,ballroom,33,33,0.4519,0.45,1.004,tactus_match,-4.8,False,0.036,False,1.0,1.0,1.0,ballroom,4.7,4.1,0.6000000000000005,Matched rate
Albums-Ballroom_Classics4-01,ballroom,22,21,0.6917,0.687,1.007,tactus_match,-109.9,True,0.1,False,0.14,0.909,0.909,ballroom,4.0,3.5625,0.4375,Matched rate
Albums-Cafe_Paradiso-09,ballroom,21,21,0.7124,0.72,0.989,tactus_match,-29.8,True,0.857,True,0.952,1.0,1.0,ballroom,3.642857142857143,3.6,0.042857142857142705,Matched rate
Albums-Chrisanne2-12,ballroom,51,51,0.2949,0.3,0.983,tactus_match,16.6,False,0.0,False,1.0,1.0,1.0,ballroom_heldout,5.545454545454546,5.5,0.04545454545454586,Matched rate
Albums-Chrisanne3-09,ballroom,23,45,0.6725,0.337,1.996,half_time,-20.3,False,0.529,True,0.676,1.0,0.0,ballroom_heldout,3.388888888888889,3.2222222222222223,0.16666666666666652,Crowd half rate
Albums-GloriaEstefan_MiTierra-04,ballroom,30,30,0.5026,0.5029,0.999,tactus_match,0.0,False,0.038,False,1.0,1.0,1.0,ballroom,5.0,5.076923076923077,-0.07692307692307665,Matched rate
Albums-GloriaEstefan_MiTierra-06,ballroom,33,33,0.4509,0.453,0.995,tactus_match,-0.6,False,0.0,False,1.0,1.0,1.0,ballroom,5.176470588235294,5.117647058823529,0.058823529411765385,Matched rate
Albums-GloriaEstefan_MiTierra-11,ballroom,22,22,0.6893,0.69,0.999,tactus_match,6.0,False,0.211,False,1.0,1.0,1.0,ballroom_heldout,5.0,5.384615384615385,-0.384615384615385,Matched rate
Albums-Latin_Jam-04,ballroom,32,32,0.4697,0.47,0.999,tactus_match,-22.8,True,0.0,False,1.0,1.0,1.0,ballroom_heldout,6.166666666666667,6.333333333333333,-0.16666666666666607,Matched rate
Albums-Latin_Jam4-08,ballroom,26,26,0.5791,0.58,0.999,tactus_match,-20.4,True,0.0,False,1.0,1.0,1.0,ballroom_heldout,5.294117647058823,5.5,-0.20588235294117663,Matched rate
Albums-Latino_Latino-10,ballroom,28,28,0.5308,0.53,1.002,tactus_match,19.1,False,0.0,False,1.0,1.0,1.0,ballroom,5.0,5.5,-0.5,Matched rate
Albums-Macumba-07,ballroom,25,25,0.6,0.6,1.0,tactus_match,-11.4,False,0.0,False,1.0,1.0,1.0,ballroom_heldout,5.9375,6.125,-0.1875,Matched rate
Albums-Step_By_Step-03,ballroom,21,22,0.6874,0.69,0.996,tactus_match,-54.2,True,0.0,False,0.744,0.955,0.955,ballroom_heldout,4.6,5.214285714285714,-0.6142857142857148,Matched rate
Albums-StrictlyDancing_Tango-09,ballroom,31,31,0.4744,0.47,1.009,tactus_match,-0.7,False,0.0,False,1.0,1.0,1.0,ballroom_heldout,5.25,5.625,-0.375,Matched rate
Bach_Fugue_bwv_846_Shi05M,benchmark100,25,12,0.6136,1.2116,0.506,double_time,-18.9,False,0.0,False,0.595,0.92,0.0,asap,5.0,4.857142857142857,0.14285714285714324,Crowd double rate
Beethoven_Piano_Sonatas_16-1_Khmara05M,benchmark100,34,36,0.4354,0.4271,1.019,tactus_match,-78.8,True,0.0,False,0.371,0.333,0.333,asap,3.3076923076923075,4.538461538461538,-1.2307692307692308,Matched rate
Chopin_Etudes_op_10_1_ChenW03M,benchmark100,22,42,0.6997,0.3458,2.023,half_time,-42.5,False,0.273,False,0.187,0.364,0.0,asap,3.0,2.125,0.875,Crowd half rate
Debussy_Images_Book_1_1_Reflets_dans_lEau_ParkJH13M,benchmark100,19,17,0.7842,0.7806,1.005,tactus_match,74.8,True,6.667,True,0.111,0.368,0.105,asap,2.7222222222222223,3.3333333333333335,-0.6111111111111112,Matched rate
Haydn_Keyboard_Sonatas_50-1_no_repeat_GalantM02M,benchmark100,28,28,0.5389,0.5124,1.052,tactus_match,0.8,False,0.043,False,0.679,0.75,0.75,asap,4.214285714285714,5.0,-0.7857142857142856,Matched rate
Liszt_Annees_de_pelerinage_2_1_Gondoliera_LeungM08M,benchmark100,28,15,0.5247,0.9727,0.539,double_time,3.2,False,0.25,False,0.279,0.414,0.0,asap,2.4444444444444446,3.888888888888889,-1.4444444444444442,Crowd double rate
Media-100616,ballroom,52,52,0.2887,0.287,1.006,tactus_match,2.5,False,0.093,False,1.0,1.0,1.0,ballroom_heldout,6.066666666666666,6.2,-0.13333333333333375,Matched rate
Media-103401,ballroom,31,31,0.4844,0.48,1.009,tactus_match,-8.2,False,0.0,False,1.0,1.0,1.0,ballroom,6.416666666666667,6.666666666666667,-0.25,Matched rate
Media-103410,ballroom,31,31,0.4844,0.48,1.009,tactus_match,-3.4,False,0.0,False,1.0,1.0,1.0,ballroom_heldout,6.375,6.533333333333333,-0.15833333333333321,Matched rate
Media-103412,ballroom,31,31,0.4819,0.48,1.004,tactus_match,-4.7,False,0.0,False,1.0,1.0,1.0,ballroom_heldout,5.0,5.0,0.0,Matched rate
Media-103413,ballroom,31,31,0.4842,0.48,1.009,tactus_match,-3.9,False,0.0,False,1.0,1.0,1.0,ballroom,6.444444444444445,6.5,-0.05555555555555536,Matched rate
Media-103501,ballroom,25,25,0.6038,0.6,1.006,tactus_match,-16.7,False,0.824,True,1.0,1.0,1.0,ballroom,5.238095238095238,5.0476190476190474,0.1904761904761907,Matched rate
Media-103507,ballroom,30,30,0.4872,0.49,0.994,tactus_match,-7.5,False,0.0,False,1.0,1.0,1.0,ballroom,5.066666666666666,5.666666666666667,-0.6000000000000005,Matched rate
Media-103511,ballroom,25,25,0.5989,0.6,0.998,tactus_match,-23.2,True,0.0,False,1.0,1.0,1.0,ballroom,5.266666666666667,5.8,-0.5333333333333332,Matched rate
Media-103512,ballroom,25,25,0.5995,0.5993,1.0,tactus_match,-14.0,False,1.0,True,1.0,1.0,1.0,ballroom,5.555555555555555,5.777777777777778,-0.22222222222222232,Matched rate
Media-103515,ballroom,40,40,0.3744,0.37,1.012,tactus_match,-13.3,False,0.0,False,1.0,1.0,1.0,ballroom,5.590909090909091,5.695652173913044,-0.10474308300395307,Matched rate
Media-103516,ballroom,42,42,0.3607,0.362,0.996,tactus_match,16.3,False,0.0,False,1.0,1.0,1.0,ballroom,5.7,5.666666666666667,0.033333333333333215,Matched rate
Media-103517,ballroom,14,44,1.027,0.343,2.994,other_flip,-6.0,False,,False,0.483,0.0,0.0,ballroom,3.3076923076923075,5.083333333333333,-1.7756410256410255,Non-integer
Media-103601,ballroom,29,29,0.5149,0.51,1.01,tactus_match,-39.8,True,0.0,False,1.0,1.0,1.0,ballroom,5.25,6.4,-1.1500000000000004,Matched rate
Media-103605,ballroom,25,25,0.6022,0.6,1.004,tactus_match,-14.2,False,0.087,False,1.0,1.0,1.0,ballroom,5.3125,5.5,-0.1875,Matched rate
Media-103606,ballroom,32,25,0.4691,0.5895,0.796,other_flip,7.0,False,0.444,True,0.211,0.094,0.0,ballroom,3.8333333333333335,5.0,-1.1666666666666665,Non-integer
Media-103608,ballroom,25,25,0.6051,0.6,1.008,tactus_match,-10.7,False,2.8,True,1.0,1.0,1.0,ballroom,5.230769230769231,5.615384615384615,-0.38461538461538414,Matched rate
Media-103611,ballroom,42,42,0.3565,0.36,0.99,tactus_match,-22.2,True,0.0,False,1.0,1.0,1.0,ballroom,5.625,6.125,-0.5,Matched rate
Media-103704,ballroom,30,30,0.5035,0.5,1.007,tactus_match,-17.1,False,0.0,False,1.0,1.0,1.0,ballroom_heldout,5.857142857142857,5.714285714285714,0.14285714285714235,Matched rate
Media-103705,ballroom,26,26,0.5814,0.58,1.002,tactus_match,-33.1,True,0.0,False,0.885,1.0,1.0,ballroom_heldout,4.409090909090909,5.0476190476190474,-0.6385281385281383,Matched rate
Media-103707,ballroom,26,26,0.5891,0.588,1.002,tactus_match,-18.8,False,0.0,False,1.0,1.0,1.0,ballroom,5.916666666666667,6.0,-0.08333333333333304,Matched rate
Media-103709,ballroom,23,23,0.6411,0.645,0.994,tactus_match,-40.8,True,0.75,True,0.957,1.0,1.0,ballroom,4.571428571428571,5.285714285714286,-0.7142857142857144,Matched rate
Media-103711,ballroom,50,25,0.2994,0.6,0.499,double_time,-9.4,False,0.162,False,0.667,0.98,0.0,ballroom_heldout,3.6153846153846154,4.846153846153846,-1.2307692307692304,Crowd double rate
Media-103712,ballroom,50,25,0.3028,0.61,0.496,double_time,-32.7,False,0.162,False,0.667,0.98,0.0,ballroom_heldout,3.8421052631578942,5.333333333333333,-1.4912280701754388,Crowd double rate
Media-103714,ballroom,44,44,0.3408,0.34,1.002,tactus_match,-13.2,False,0.0,False,1.0,1.0,1.0,ballroom_heldout,4.8,5.15,-0.35000000000000053,Matched rate
Media-103807,ballroom,25,26,0.5873,0.588,0.999,tactus_match,-23.3,True,0.0,False,0.98,0.962,0.962,ballroom_heldout,4.578947368421052,4.578947368421052,0.0,Matched rate
Media-103812,ballroom,25,25,0.5998,0.6,1.0,tactus_match,-20.9,True,0.0,False,1.0,1.0,1.0,ballroom_heldout,5.933333333333334,6.428571428571429,-0.49523809523809526,Matched rate
Media-103917,ballroom,31,31,0.4813,0.483,0.996,tactus_match,-16.8,False,0.0,False,1.0,1.0,1.0,ballroom_heldout,5.631578947368421,6.0,-0.36842105263157876,Matched rate
Media-104101,ballroom,25,26,0.595,0.6,0.992,tactus_match,-17.6,False,0.0,False,0.98,0.962,0.962,ballroom_heldout,6.2,6.333333333333333,-0.13333333333333286,Matched rate
Media-104203,ballroom,22,22,0.6892,0.69,0.999,tactus_match,-48.4,True,0.0,False,1.0,1.0,1.0,ballroom_heldout,4.769230769230769,4.666666666666667,0.1025641025641022,Matched rate
Media-104204,ballroom,22,22,0.6894,0.69,0.999,tactus_match,-66.8,True,0.0,False,0.636,1.0,1.0,ballroom_heldout,4.6875,5.5625,-0.875,Matched rate
Media-104406,ballroom,15,46,0.9804,0.326,3.007,other_flip,-33.6,False,0.0,False,0.492,0.0,0.0,ballroom_heldout,5.166666666666667,3.8333333333333335,1.3333333333333335,Non-integer
Media-104415,ballroom,26,52,0.5844,0.293,1.995,half_time,-21.1,False,0.174,False,0.667,1.0,0.0,ballroom_heldout,5.0,4.4,0.5999999999999996,Crowd half rate
Media-104501,ballroom,21,21,0.7036,0.7035,1.0,tactus_match,-43.1,True,0.0,False,1.0,1.0,1.0,ballroom,4.846153846153846,4.538461538461538,0.3076923076923075,Matched rate
Media-104502,ballroom,21,21,0.6833,0.6935,0.985,tactus_match,-15.0,False,0.05,False,1.0,1.0,1.0,ballroom,4.529411764705882,4.470588235294118,0.0588235294117645,Matched rate
Media-104506,ballroom,32,32,0.4653,0.47,0.99,tactus_match,-3.0,False,0.0,False,1.0,1.0,1.0,ballroom,5.583333333333333,5.833333333333333,-0.25,Matched rate
Media-104507,ballroom,15,45,0.9944,0.333,2.986,other_flip,-17.6,False,0.333,False,0.5,0.0,0.0,ballroom,5.3125,3.1875,2.125,Non-integer
Media-104508,ballroom,44,45,0.3387,0.3385,1.001,tactus_match,-15.4,False,0.0,False,0.989,0.978,0.978,ballroom,3.466666666666667,3.8666666666666663,-0.39999999999999947,Matched rate
Media-104514,ballroom,52,52,0.2894,0.29,0.998,tactus_match,-10.5,False,0.393,False,1.0,1.0,1.0,ballroom,4.428571428571429,4.857142857142857,-0.42857142857142794,Matched rate
Media-104516,ballroom,52,52,0.2865,0.29,0.988,tactus_match,8.7,False,0.0,False,1.0,0.981,0.981,ballroom,4.6923076923076925,4.538461538461538,0.1538461538461542,Matched rate
Media-104601,ballroom,22,22,0.6765,0.67,1.01,tactus_match,-19.4,False,1.0,True,0.864,1.0,1.0,ballroom,3.466666666666667,3.7333333333333334,-0.2666666666666666,Matched rate
Media-104605,ballroom,32,32,0.4663,0.467,0.999,tactus_match,7.9,False,0.0,False,1.0,1.0,1.0,ballroom,5.714285714285714,5.428571428571429,0.2857142857142856,Matched rate
Media-104606,ballroom,33,33,0.4609,0.46,1.002,tactus_match,-14.6,False,0.0,False,1.0,1.0,1.0,ballroom,5.0,5.4,-0.40000000000000036,Matched rate
Media-104607,ballroom,45,45,0.3305,0.333,0.992,tactus_match,-15.1,False,0.024,False,1.0,1.0,1.0,ballroom,5.545454545454546,5.545454545454546,0.0,Matched rate
Media-104615,ballroom,51,51,0.2939,0.2931,1.003,tactus_match,-26.2,True,0.125,False,1.0,0.961,0.961,ballroom,4.045454545454546,4.5,-0.45454545454545414,Matched rate
Media-104706,ballroom,32,32,0.4691,0.46,1.02,tactus_match,-16.4,False,0.0,False,1.0,1.0,1.0,ballroom,4.2,5.0,-0.7999999999999998,Matched rate
Media-104711,ballroom,15,43,1.0395,0.35,2.97,other_flip,-25.6,False,0.091,False,0.517,0.0,0.0,ballroom,3.6666666666666665,2.3333333333333335,1.333333333333333,Non-integer
Media-104716,ballroom,25,50,0.5959,0.3,1.986,half_time,-0.6,False,1.692,True,0.667,1.0,0.0,ballroom,4.6923076923076925,4.461538461538462,0.23076923076923084,Crowd half rate
Media-104804,ballroom,22,22,0.6865,0.69,0.995,tactus_match,-53.5,True,0.312,False,0.773,0.955,0.955,ballroom_heldout,3.4,4.0,-0.6000000000000001,Matched rate
Media-104806,ballroom,33,33,0.4535,0.455,0.997,tactus_match,-12.1,False,0.0,False,1.0,1.0,1.0,ballroom_heldout,5.083333333333333,4.166666666666667,0.9166666666666661,Matched rate
Media-104906,ballroom,33,33,0.466,0.4605,1.012,tactus_match,-5.3,False,0.0,False,0.97,1.0,1.0,ballroom_heldout,3.8823529411764706,3.823529411764706,0.0588235294117645,Matched rate
Media-105009,ballroom,31,31,0.4789,0.4785,1.001,tactus_match,-16.8,False,0.0,False,1.0,1.0,1.0,ballroom_heldout,5.0,5.333333333333333,-0.33333333333333304,Matched rate
Media-105108,ballroom,32,32,0.4692,0.47,0.998,tactus_match,8.9,False,0.0,False,1.0,1.0,1.0,ballroom_heldout,5.714285714285714,5.0,0.7142857142857144,Matched rate
Media-105315,ballroom,51,51,0.2931,0.295,0.994,tactus_match,2.2,False,0.0,False,1.0,1.0,1.0,ballroom_heldout,5.2,4.6,0.6000000000000005,Matched rate
Media-105407,ballroom,31,31,0.4842,0.48,1.009,tactus_match,-15.8,False,0.0,False,1.0,1.0,1.0,ballroom_heldout,6.222222222222222,6.444444444444445,-0.22222222222222232,Matched rate
Media-105516,ballroom,25,50,0.6004,0.3,2.001,half_time,1.3,False,2.0,True,0.667,1.0,0.0,ballroom_heldout,5.533333333333333,4.785714285714286,0.7476190476190476,Crowd half rate
Media-105611,ballroom,26,26,0.5781,0.58,0.997,tactus_match,-2.2,False,0.0,False,1.0,1.0,1.0,ballroom,5.684210526315789,5.55,0.13421052631578956,Matched rate
Media-105612,ballroom,26,26,0.576,0.577,0.998,tactus_match,-39.1,True,0.0,False,1.0,1.0,1.0,ballroom,6.545454545454546,6.545454545454546,0.0,Matched rate
Media-105704,ballroom,21,21,0.7121,0.715,0.996,tactus_match,-65.0,True,0.0,False,0.714,1.0,1.0,ballroom_heldout,4.090909090909091,4.545454545454546,-0.45454545454545503,Matched rate
Media-105716,ballroom,50,50,0.3,0.3,1.0,tactus_match,-3.5,False,0.0,False,1.0,1.0,1.0,ballroom_heldout,4.25,4.583333333333333,-0.33333333333333304,Matched rate
Media-105807,ballroom,32,32,0.4687,0.47,0.997,tactus_match,9.6,False,0.0,False,1.0,1.0,1.0,ballroom_heldout,4.909090909090909,4.863636363636363,0.04545454545454586,Matched rate
Media-105819,ballroom,51,51,0.2938,0.294,0.999,tactus_match,6.4,False,0.0,False,1.0,1.0,1.0,ballroom_heldout,5.625,5.75,-0.125,Matched rate
Media-105914,ballroom,24,49,0.6087,0.3035,2.006,half_time,0.2,False,3.222,True,0.658,1.0,0.0,ballroom_heldout,4.411764705882353,3.5294117647058822,0.882352941176471,Crowd half rate
Media-106005,ballroom,31,31,0.4843,0.484,1.001,tactus_match,-3.9,False,0.0,False,1.0,1.0,1.0,ballroom_heldout,5.666666666666667,5.666666666666667,0.0,Matched rate
Media-106009,ballroom,22,22,0.6832,0.682,1.002,tactus_match,-34.8,True,0.471,True,1.0,1.0,1.0,ballroom,5.2,6.066666666666666,-0.8666666666666663,Matched rate
Media-106012,ballroom,25,25,0.5987,0.6,0.998,tactus_match,-7.0,False,0.0,False,1.0,1.0,1.0,ballroom_heldout,5.6923076923076925,5.923076923076923,-0.23076923076923084,Matched rate
Media-106114,ballroom,42,42,0.357,0.357,1.0,tactus_match,-13.6,False,0.0,False,1.0,1.0,1.0,ballroom_heldout,4.533333333333333,4.933333333333334,-0.40000000000000036,Matched rate
Mozart_Piano_Sonatas_12-3_MunA05M,benchmark100,25,26,0.5781,0.5802,0.996,tactus_match,-1.7,False,0.077,False,0.0,0.72,0.0,asap,3.1,2.3,0.8000000000000003,Matched rate
Schubert_Piano_Sonatas_894-2_Yeletskiy08M,benchmark100,19,21,0.787,0.6686,1.177,other_flip,-4.3,False,0.444,True,0.25,0.143,0.143,asap,3.0,2.272727272727273,0.7272727272727271,Non-integer
aksak1,benchmark100,39,34,0.3937,0.396,0.994,tactus_match,-3.0,False,0.467,True,0.384,0.282,0.256,turkish,4.095238095238095,3.7,0.3952380952380947,Matched rate
aksak2,benchmark100,34,30,0.4444,0.464,0.958,tactus_match,-36.4,True,0.174,False,0.344,0.324,0.265,turkish,4.764705882352941,3.8823529411764706,0.8823529411764706,Matched rate
beatles_01_Please_Please_Me_01_I_Saw_Her_Standing_There,benchmark100,20,41,0.7453,0.372,2.004,half_time,-20.9,False,1.8,True,0.656,1.0,0.0,beatles,5.470588235294118,5.176470588235294,0.2941176470588234,Crowd half rate
beatles_01_Please_Please_Me_02_Misery,benchmark100,33,34,0.4465,0.452,0.988,tactus_match,,False,0.0,False,0.0,1.0,0.0,beatles,5.052631578947368,3.210526315789474,1.8421052631578942,Matched rate
beatles_01_Please_Please_Me_03_Anna_(Go_To_Him),benchmark100,27,27,0.5504,0.546,1.008,tactus_match,-46.0,True,0.0,False,0.963,1.0,1.0,beatles,4.888888888888889,5.444444444444445,-0.5555555555555554,Matched rate
beatles_01_Please_Please_Me_04_Chains,benchmark100,32,33,0.4604,0.464,0.992,tactus_match,-77.6,True,0.0,False,0.092,0.667,0.667,beatles,4.923076923076923,4.357142857142857,0.5659340659340666,Matched rate
beatles_04_Beatles_for_Sale_06_Mr_Moonlight,benchmark100,32,32,0.4693,0.465,1.009,tactus_match,73.2,True,0.0,False,0.406,0.594,0.594,beatles,4.5,3.857142857142857,0.6428571428571428,Matched rate
beatles_05_Help_12_Ive_Just_Seen_a_Face,benchmark100,30,30,0.5008,0.505,0.992,tactus_match,-38.4,True,0.0,False,1.0,1.0,1.0,beatles,5.0,5.133333333333334,-0.13333333333333375,Matched rate
beatles_07_Revolver_06_Yellow_Submarine,benchmark100,27,27,0.5457,0.5455,1.0,tactus_match,84.7,True,0.0,False,0.407,0.63,0.63,beatles,4.764705882352941,3.0588235294117645,1.7058823529411766,Matched rate
beatles_07_Revolver_12_I_Want_To_Tell_You,benchmark100,31,32,0.4745,0.476,0.997,tactus_match,,False,0.0,False,0.0,1.0,0.0,beatles,4.5,2.3,2.2,Matched rate
carnatic1,benchmark100,48,29,0.3121,0.5997,0.52,double_time,-1.5,False,0.135,False,0.753,0.684,0.188,carnatic,5.090909090909091,4.714285714285714,0.3766233766233764,Crowd double rate
carnatic2,benchmark100,21,21,0.7115,0.7087,1.004,tactus_match,,False,0.538,True,0.0,0.952,0.0,carnatic,5.052631578947368,5.526315789473684,-0.47368421052631593,Matched rate
carnatic3,benchmark100,34,19,0.4457,0.8831,0.505,double_time,-6.2,False,0.037,False,0.679,0.757,0.118,carnatic,4.235294117647059,4.0588235294117645,0.17647058823529438,Crowd double rate
carnatic4,benchmark100,37,18,0.4031,0.8088,0.498,double_time,-4.7,False,0.353,False,0.655,0.946,0.0,carnatic,4.368421052631579,5.052631578947368,-0.6842105263157894,Crowd double rate
cretan1,benchmark100,36,36,0.4225,0.427,0.99,tactus_match,11.5,False,0.0,False,1.0,1.0,1.0,cretan,5.64,5.52,0.1200000000000001,Matched rate
cretan2,benchmark100,34,34,0.4352,0.441,0.987,tactus_match,4.5,False,0.0,False,1.0,1.0,1.0,cretan,5.222222222222222,5.666666666666667,-0.44444444444444464,Matched rate
cretan3,benchmark100,29,29,0.5083,0.509,0.999,tactus_match,2.9,False,0.0,False,0.966,1.0,1.0,cretan,5.222222222222222,5.705882352941177,-0.4836601307189543,Matched rate
csic.1995_ansina1_01,benchmark100,33,34,0.4446,0.4439,1.002,tactus_match,109.0,True,0.0,False,0.0,0.0,0.0,candombe,6.2727272727272725,4.333333333333333,1.9393939393939394,Matched rate
csic.1995_ansina1_02,benchmark100,33,33,0.4478,0.449,0.997,tactus_match,83.3,True,0.0,False,0.03,0.242,0.242,candombe,4.4375,3.0625,1.375,Matched rate
csic.1995_ansina2_01,benchmark100,33,33,0.4454,0.4477,0.995,tactus_match,-77.0,True,0.111,False,0.455,0.515,0.515,candombe,2.8,3.7857142857142856,-0.9857142857142858,Matched rate
csic.1995_cuareim_01,benchmark100,31,32,0.474,0.4725,1.003,tactus_match,43.5,True,0.045,False,0.984,0.969,0.969,candombe,3.1,4.3,-1.1999999999999997,Matched rate
csic.1995_cuareim_02,benchmark100,33,33,0.464,0.4626,1.003,tactus_match,103.3,True,0.0,False,0.0,0.03,0.03,candombe,5.0,5.0,0.0,Matched rate
curcuna1,benchmark100,24,19,0.6132,0.7775,0.789,other_flip,60.9,False,0.889,True,0.186,0.125,0.125,turkish,3.4166666666666665,2.9166666666666665,0.5,Non-integer
curcuna2,benchmark100,30,25,0.4965,0.6105,0.813,other_flip,-28.5,False,0.944,True,0.291,0.233,0.133,turkish,3.7142857142857144,3.4285714285714284,0.28571428571428603,Non-integer
drummer10_session1_9_jazz-swing_110_beat_4-4,benchmark100,27,27,0.5453,0.5455,1.0,tactus_match,10.5,False,0.0,False,1.0,1.0,1.0,groove_midi,5.375,4.647058823529412,0.7279411764705879,Matched rate
drummer1_eval_session_5_funk-groove5_84_beat_4-4,benchmark100,21,21,0.7109,0.7143,0.995,tactus_match,-59.7,True,2.556,True,0.857,0.952,0.952,groove_midi,5.0,5.333333333333333,-0.33333333333333304,Matched rate
drummer3_session1_11_rock_120_beat_4-4,benchmark100,30,28,0.4999,0.5,1.0,tactus_match,12.5,False,0.0,False,0.966,0.933,0.933,groove_midi,5.666666666666667,5.470588235294118,0.1960784313725492,Matched rate
drummer4_session1_1_rock_87_beat_4-4,benchmark100,22,22,0.6874,0.6897,0.997,tactus_match,-49.8,True,0.1,False,1.0,1.0,1.0,groove_midi,4.214285714285714,5.0,-0.7857142857142856,Matched rate
drummer5_eval_session_5_funk-groove5_84_beat_4-4,benchmark100,21,21,0.7131,0.7143,0.998,tactus_match,-60.7,True,0.222,False,0.762,0.952,0.952,groove_midi,3.823529411764706,5.117647058823529,-1.294117647058823,Matched rate
drummer5_session2_18_latin-brazilian-samba_93_beat_4-4,benchmark100,23,23,0.6412,0.6452,0.994,tactus_match,,False,0.688,True,0.0,0.957,0.0,groove_midi,3.1052631578947367,4.315789473684211,-1.210526315789474,Matched rate
drummer6_session1_1_rock_70_beat_6-8,benchmark100,35,12,0.4268,1.2857,0.332,other_flip,-21.8,False,0.0,False,0.511,0.0,0.0,groove_midi,4.2105263157894735,3.6842105263157894,0.5263157894736841,Non-integer
drummer7_session3_159_soul_98_beat_4-4,benchmark100,24,24,0.6135,0.6122,1.002,tactus_match,-39.2,True,0.0,False,1.0,1.0,1.0,groove_midi,4.222222222222222,4.722222222222222,-0.5,Matched rate
duyek1,benchmark100,38,19,0.3888,0.772,0.504,double_time,-36.5,False,0.0,False,0.667,0.974,0.0,turkish,5.4,4.133333333333334,1.2666666666666666,Crowd double rate
duyek2,benchmark100,34,34,0.451,0.441,1.023,tactus_match,10.7,False,0.167,False,0.912,0.912,0.912,turkish,5.071428571428571,5.071428571428571,0.0,Matched rate
gtzan_blues_00000,benchmark100,31,31,0.477,0.477,1.0,tactus_match,8.6,False,0.0,False,1.0,1.0,1.0,gtzan,5.6923076923076925,5.0,0.6923076923076925,Matched rate
gtzan_classical_00000,benchmark100,24,24,0.636,0.638,0.997,tactus_match,-0.8,False,1.286,True,1.0,1.0,1.0,gtzan,4.416666666666667,4.666666666666667,-0.25,Matched rate
gtzan_country_00000,benchmark100,21,21,0.7115,0.7085,1.004,tactus_match,-42.3,True,0.667,True,1.0,1.0,1.0,gtzan,5.1,4.8,0.2999999999999998,Matched rate
gtzan_disco_00000,benchmark100,29,29,0.52,0.522,0.996,tactus_match,-21.8,True,0.0,False,1.0,1.0,1.0,gtzan,5.857142857142857,6.0,-0.14285714285714324,Matched rate
gtzan_hiphop_00000,benchmark100,30,30,0.5039,0.505,0.998,tactus_match,-19.1,False,0.0,False,1.0,1.0,1.0,gtzan,5.411764705882353,5.823529411764706,-0.41176470588235237,Matched rate
gtzan_jazz_00000,benchmark100,32,31,0.4819,0.476,1.012,tactus_match,-18.4,False,0.0,False,0.413,0.625,0.625,gtzan,3.933333333333333,4.133333333333334,-0.20000000000000062,Matched rate
gtzan_metal_00000,benchmark100,23,23,0.639,0.639,1.0,tactus_match,-41.1,True,2.889,True,1.0,1.0,1.0,gtzan,4.833333333333333,4.5,0.33333333333333304,Matched rate
gtzan_pop_00000,benchmark100,34,16,0.4504,0.9,0.5,double_time,-32.0,False,0.0,False,0.64,0.912,0.0,gtzan,3.066666666666667,4.6875,-1.6208333333333331,Crowd double rate
hainsworth_001,benchmark100,25,25,0.5999,0.6,1.0,tactus_match,-29.1,True,0.0,False,1.0,1.0,1.0,hainsworth,4.866666666666666,5.266666666666667,-0.40000000000000036,Matched rate
hainsworth_002,benchmark100,29,28,0.5168,0.5214,0.991,tactus_match,-67.6,True,1.417,True,0.316,0.483,0.483,hainsworth,2.8461538461538463,4.357142857142857,-1.5109890109890105,Matched rate
hainsworth_003,benchmark100,31,31,0.4837,0.482,1.003,tactus_match,-15.7,False,0.167,False,0.968,1.0,1.0,hainsworth,4.083333333333333,4.416666666666667,-0.3333333333333339,Matched rate
hainsworth_006,benchmark100,24,12,0.6152,1.117,0.551,double_time,-19.8,False,0.0,False,0.167,0.292,0.0,hainsworth,2.55,3.6666666666666665,-1.1166666666666667,Crowd double rate
hainsworth_019,benchmark100,21,21,0.7144,0.71,1.006,tactus_match,-32.1,True,0.0,False,0.952,0.952,0.952,hainsworth,4.75,4.875,-0.125,Matched rate
hainsworth_095,benchmark100,37,37,0.4072,0.405,1.005,tactus_match,-24.2,True,0.0,False,1.0,1.0,1.0,hainsworth,5.333333333333333,5.533333333333333,-0.20000000000000018,Matched rate
hainsworth_112,benchmark100,34,36,0.434,0.41,1.059,tactus_match,-8.0,False,0.174,False,0.229,0.4,0.222,hainsworth,3.2941176470588234,4.0588235294117645,-0.7647058823529411,Matched rate
hainsworth_173,benchmark100,31,31,0.4845,0.48,1.009,tactus_match,-7.9,False,0.0,False,1.0,1.0,1.0,hainsworth,5.0,5.571428571428571,-0.5714285714285712,Matched rate
proyecto.1992_gimenez_02,benchmark100,31,31,0.4926,0.4837,1.018,tactus_match,42.5,True,0.308,False,0.452,0.452,0.452,candombe,3.769230769230769,3.8461538461538463,-0.0769230769230771,Matched rate
proyecto.1992_gimenez_06,benchmark100,32,33,0.4648,0.4656,0.998,tactus_match,136.4,True,0.217,False,0.0,0.344,0.0,candombe,5.684210526315789,3.263157894736842,2.4210526315789473,Matched rate
proyecto.1992_lobo_01,benchmark100,32,32,0.4705,0.4731,0.995,tactus_match,121.3,True,0.0,False,0.0,0.0,0.0,candombe,5.166666666666667,4.583333333333333,0.5833333333333339,Matched rate
proyecto.1992_lobo_06,benchmark100,33,32,0.4552,0.4562,0.998,tactus_match,139.6,True,0.033,False,0.0,0.424,0.0,candombe,5.1,4.2,0.8999999999999995,Matched rate
proyecto.1992_magarinos_02,benchmark100,28,28,0.5247,0.5353,0.98,tactus_match,17.3,False,0.267,False,0.643,0.75,0.75,candombe,4.6,5.0,-0.40000000000000036,Matched rate
proyecto.1992_pelado_01,benchmark100,31,32,0.4745,0.4727,1.004,tactus_match,84.3,True,0.0,False,0.254,0.438,0.438,candombe,3.066666666666667,4.0,-0.9333333333333331,Matched rate
rwc_classical_CD1_01,benchmark100,31,8,0.4845,1.84,0.263,other_flip,82.4,False,0.833,True,0.051,0.0,0.0,rwc,2.8461538461538463,4.384615384615385,-1.5384615384615388,Non-integer
rwc_classical_CD1_02,benchmark100,27,53,0.5676,0.28,2.027,half_time,-19.0,False,0.0,False,0.675,1.0,0.0,rwc,4.5,3.692307692307693,0.807692307692307,Crowd half rate
rwc_classical_CD1_03,benchmark100,24,34,0.6204,0.34,1.825,half_time,3.2,False,0.0,False,0.379,0.458,0.0,rwc,3.263157894736842,2.2222222222222223,1.0409356725146197,Crowd half rate
rwc_jazz_CD1_13,benchmark100,22,22,0.688,0.68,1.012,tactus_match,-52.5,True,0.471,True,0.5,0.909,0.909,rwc,4.071428571428571,4.214285714285714,-0.14285714285714324,Matched rate
rwc_jazz_CD4_14,benchmark100,29,29,0.5161,0.52,0.992,tactus_match,-40.0,True,0.0,False,1.0,1.0,1.0,rwc,5.0588235294117645,5.176470588235294,-0.11764705882352988,Matched rate
rwc_popular_CD1_01,benchmark100,34,34,0.4447,0.44,1.011,tactus_match,-11.0,False,0.0,False,1.0,1.0,1.0,rwc,4.25,4.25,0.0,Matched rate
rwc_popular_CD2_05,benchmark100,24,24,0.6107,0.61,1.001,tactus_match,-46.6,True,0.0,False,1.0,1.0,1.0,rwc,4.933333333333334,5.285714285714286,-0.352380952380952,Matched rate
rwc_popular_CD3_03,benchmark100,42,42,0.3513,0.35,1.004,tactus_match,-26.2,True,0.0,False,1.0,1.0,1.0,rwc,5.0,4.411764705882353,0.5882352941176467,Matched rate
sofyan1,benchmark100,38,19,0.3948,0.7995,0.494,double_time,-60.9,False,0.0,False,0.386,0.553,0.0,turkish,4.647058823529412,4.235294117647059,0.41176470588235325,Crowd double rate
sofyan2,benchmark100,26,26,0.5767,0.57,1.012,tactus_match,-7.4,False,0.05,False,0.923,1.0,1.0,turkish,4.388888888888889,3.8333333333333335,0.5555555555555558,Matched rate
zavala.muniz.2014_42,benchmark100,26,26,0.5721,0.5719,1.0,tactus_match,-15.6,False,0.2,False,1.0,1.0,1.0,candombe,4.461538461538462,4.846153846153846,-0.38461538461538414,Matched rate
zavala.muniz.2014_45,benchmark100,33,32,0.4552,0.468,0.973,tactus_match,127.9,True,0.2,False,0.154,0.273,0.152,candombe,3.7333333333333334,4.0,-0.2666666666666666,Matched rate
