stem,n_participants,pooled_istc,pooled_crowd_gs_cv,n_beats,beat_this,madmom
-15MmJrqU38,118,51.9,0.012909508063233953,51,1.0,1.0
-4sq1sUI7-I,118,44.666666666666664,0.011590391844065802,37,1.0,0.6545454545454547
-E5lmFh_0x0,118,30.4,0.01790390210696713,36,0.8888888888888888,0.9444444444444444
-Gvgb3K5iOE,117,69.83333333333333,0.007114933444642243,50,1.0,1.0
-rT_0DJQygY,118,47.3,0.003972635827085355,88,1.0,1.0
0FfElnIC8mM,116,57.0,0.009351692326042747,40,1.0,1.0
0m0w1wEReOI,115,74.46666666666667,0.005265340643715562,56,1.0,1.0
18fkHq5tbmQ,116,57.6,0.015137951047749787,72,0.6666666666666666,1.0
1ec5zdJPbnU,117,53.46666666666667,0.002069236916153763,66,1.0,1.0
1uldbfT264k,117,48.6,0.019255437502104424,59,0.7666666666666667,0.1
28JvbWHN6w0,116,39.43333333333333,0.008535286245348576,78,0.6551724137931034,0.34375
2SeNCoP6Zy8,117,72.66666666666667,0.006406908697212383,64,0.9846153846153848,1.0
30zfbFdeY7g,114,35.63333333333333,0.017923347544546095,55,1.0,1.0
3NqMmAYSrJw,116,58.733333333333334,0.010282998734405881,55,0.6666666666666666,1.0
3OByv5luEjc,118,40.06666666666667,0.014530625104300157,60,0.983050847457627,0.689655172413793
3QuyNWZoKgk,117,66.13333333333334,0.010198157173244658,50,1.0,1.0
3WqrNqX1lsI,117,73.53333333333333,0.00499383751990941,65,1.0,1.0
3jmQ3-LNeAU,119,62.63333333333333,0.008162325733603119,80,0.6666666666666666,0.95
44j8lJU2dqM,118,48.43333333333333,0.004314720670232772,84,0.6666666666666666,1.0
4VKiwmQJ4Lo,116,51.0,0.0040117261665468746,66,1.0,1.0
4XIvB4rPehs,118,48.06666666666667,0.017208246275798415,49,1.0,1.0
4liY0E7XBTw,119,68.63333333333334,0.0021015654366350767,55,0.9818181818181818,0.9818181818181818
4nbBTmGOusA,117,48.8,0.01555083000479358,67,0.6666666666666666,1.0
55W2LxbQoHc,118,45.733333333333334,0.01620841678598869,50,0.925925925925926,0.64
5Fj-VIslrFc,117,36.96666666666667,0.018422680356738035,60,0.4444444444444444,0.5666666666666667
5bF0V6bAwjc,117,43.833333333333336,0.013382543422911446,42,1.0,0.6666666666666666
5sIaUu2igUY,117,56.333333333333336,0.003294422500566836,95,0.6571428571428571,0.6571428571428571
6FQLjcGmOaU,118,35.666666666666664,0.01448382395356627,51,0.6753246753246753,1.0
6Rqy3BpSr_U,119,34.96666666666667,0.01725498657923471,53,1.0,1.0
6c8RiGGHEYY,117,47.13333333333333,0.01438307632543153,59,0.888888888888889,1.0
6gPAjNCyHB8,116,48.733333333333334,0.01370067593439533,69,0.6363636363636364,0.9142857142857144
6tniJKkjVv0,118,36.166666666666664,0.007170986290476063,77,0.6666666666666666,0.8947368421052632
7976yzHXBJc,118,45.5,0.024652147678194427,83,0.975609756097561,1.0
7VuqbMbgLHk,117,44.06666666666667,0.007062180143638792,57,0.6511627906976745,0.6511627906976745
8W1ij30ACGg,118,61.3,0.006549021898558402,47,1.0,1.0
94LD5nwivVs,118,56.1,0.00914851979484889,40,1.0,1.0
98s7mqb_II0,116,51.333333333333336,0.018676190757567195,66,0.9523809523809524,1.0
9f8xPaRWAbg,119,42.36666666666667,0.011803522070626496,60,0.6956521739130436,1.0
9hODzWIY7Hc,116,45.766666666666666,0.01191620799135132,59,1.0,1.0
9tP_cphjz3E,120,52.63333333333333,0.0032591824192422514,95,0.6666666666666666,0.6666666666666666
Ai9l_8xy_pc,115,60.63333333333333,0.016655256606589692,64,0.875,0.84375
AkYhR1lc8QM,119,53.833333333333336,0.009240294990007418,58,1.0,1.0
BXbKa0EqW8E,118,55.6,0.0025638767129055446,74,0.6785714285714285,0.9866666666666666
BZs2ixvEyKM,117,37.233333333333334,0.02164480874644644,65,0.7246376811594203,1.0
C0vS_SbaaFI,117,54.86666666666667,0.011919436507187011,57,0.7111111111111111,1.0
CDetbKTJ1dY,117,59.766666666666666,0.009771650449110218,52,1.0,1.0
CpJMjyTMg1Q,118,55.03333333333333,0.0024921102171218544,58,1.0,1.0
Cwkej79U3ek,115,58.233333333333334,0.01607759820708474,48,1.0,1.0
CzYrMns8QAg,118,53.86666666666667,0.015205306232347195,65,0.653061224489796,1.0
D3sueyrnhNw,118,56.666666666666664,0.011074627377271508,60,1.0,1.0
DGZLtb-MWp4,116,47.0,0.009721348894448256,58,0.9824561403508772,0.9824561403508772
DO5TjDsrRpM,117,66.66666666666667,0.005479055617957452,49,1.0,1.0
DgT4CPv_CCE,118,70.7,0.005420434334150261,60,1.0,1.0
E2fPGGZgp-M,118,53.13333333333333,0.007576549951410882,48,1.0,1.0
E3bbJ3GMi48,119,33.86666666666667,0.01748368326919387,50,0.888888888888889,1.0
E6uudzXoTJo,118,46.96666666666667,0.002739477030159178,62,1.0,1.0
Fwc3x6UOTUw,117,47.833333333333336,0.008137558667822786,105,0.981132075471698,0.6749999999999999
G4WTl1KqSVw,117,55.53333333333333,0.006242738197698798,30,0.6666666666666666,0.6666666666666666
G7lUD3Bz-wY,117,57.53333333333333,0.007790815606817742,44,1.0,1.0
GC5E8ie2pdM,118,69.73333333333333,0.010979717418273634,52,1.0,1.0
Gp_CtNDepiI,117,50.1,0.011404796983779707,45,0.0,0.676470588235294
HyIEZPubbEk,118,52.56666666666667,0.012287808046209214,45,0.0,0.6567164179104478
HzKQfrNseoI,118,44.8,0.027542350087945484,58,0.6136363636363636,0.375
K7Ayxc_RaU4,117,54.5,0.009509912895404277,40,1.0,0.6666666666666666
K7LnjbxJB9E,117,53.36666666666667,0.010169925266745691,34,0.9714285714285714,0.9714285714285714
KCHoaz1DG_4,116,67.33333333333333,0.00922069508478279,61,0.9836065573770492,1.0
KOC46hclHDA,118,68.76666666666667,0.0036977027072679545,63,1.0,1.0
L4BVG7rL88I,117,35.0,0.028118869760814052,46,0.9130434782608696,0.9565217391304348
LmQMjWVzJMs,117,64.1,0.014857296637419278,52,1.0,1.0
M04cGx5wulA,117,44.53333333333333,0.0033066822627919865,76,0.9866666666666666,0.9866666666666666
MHiQDvejiZE,117,50.233333333333334,0.0062725238452318605,54,0.0,0.0
N8TkD2R-hPY,119,62.266666666666666,0.011174338703715677,57,1.0,1.0
NwiINF6FU2I,118,68.7,0.007973976814151237,45,1.0,1.0
O0Bb7vvDyuM,117,62.43333333333333,0.01587929705743935,70,0.6792452830188679,1.0
O76LY5X46rg,116,77.06666666666666,0.005022373308859313,65,1.0,1.0
ONTJkxINr1U,118,58.0,0.0055859524772251925,50,0.0769230769230769,1.0
ORDVCeBjJdM,118,49.666666666666664,0.02059184920746059,68,0.6666666666666666,1.0
OSkUD7S_WSs,117,34.733333333333334,0.015468875537959647,35,1.0,1.0
Odh8Oe5sZa0,119,33.333333333333336,0.015070153592614039,46,0.9777777777777776,1.0
PIFXJ4XQX4E,116,52.1,0.007571057186630488,50,1.0,1.0
PRP1fU8obtA,118,51.5,0.01462515714471029,75,0.6666666666666666,1.0
PuHJRHiXNMQ,117,49.53333333333333,0.020212497623936895,76,0.6666666666666666,1.0
PzcCTtPanYQ,119,56.46666666666667,0.01276500732518073,73,0.9863013698630138,1.0
QYRQKFHbi3k,119,51.733333333333334,0.0046132761013214785,71,0.6792452830188679,1.0
RHTvwPwBpF0,118,59.766666666666666,0.01333954268645992,46,1.0,1.0
S6LOS5R8LQU,118,45.36666666666667,0.014492989084693922,96,0.6575342465753424,0.6575342465753424
SAheAwnUbcE,119,47.96666666666667,0.007136629408772951,41,1.0,1.0
Sko7dU0qJN0,117,36.2,0.01555987235520448,36,0.9444444444444444,0.7777777777777778
T9EKqFrer9U,118,64.83333333333333,0.008862935415085524,70,1.0,1.0
TTrdYIdxmy0,115,46.56666666666667,0.004638883149404528,64,0.6382978723404255,0.6521739130434783
Tsdy0lD1SSs,117,52.0,0.01365645799420252,62,0.6521739130434783,1.0
TyFYPz2V2ZY,116,49.4,0.022423011254430143,66,0.64,0.6799999999999999
UpLwQAN25so,118,69.6,0.0051820880218793695,69,1.0,1.0
UsjvI9tG9u8,118,31.8,0.024534400935100287,72,1.0,1.0
UxD-yc9RWPA,116,49.0,0.008695563337468286,52,1.0,1.0
V9Sd5QiDkkw,118,38.5,0.01703221818980763,93,1.0,0.6666666666666666
VG-b7wi8nBM,118,33.8,0.015469244091019047,35,1.0,1.0
VRPsiH-UpDc,119,51.86666666666667,0.012850811187151577,81,0.6774193548387097,1.0
W0M-eje90TU,117,59.43333333333333,0.003051620600833547,71,1.0,1.0
W2trq2APLIw,117,57.46666666666667,0.014446995049181087,60,0.6521739130434783,0.9836065573770492
W93p02aU4YU,117,39.9,0.012460310614363607,59,1.0,1.0
WCdht_9tf1M,117,52.93333333333333,0.01571370598459546,81,0.6774193548387097,1.0
WMeW6IJJGLo,117,40.833333333333336,0.004640711927630693,84,1.0,1.0
WXgaSUb0X-o,116,61.3,0.007651331100706146,45,0.9777777777777776,0.9777777777777776
WuiBdljkU2E,117,46.233333333333334,0.008448253814215732,49,1.0,1.0
XLFAH6gkfb4,117,32.63333333333333,0.007743267653887848,86,0.8048780487804877,0.9885057471264368
YO-JGE1c8hE,116,65.23333333333333,0.01377537236977649,36,0.9444444444444444,1.0
YbdoCyC9r4E,118,49.8,0.005801374998432399,35,1.0,1.0
YmpqEe8jKlU,117,41.733333333333334,0.007577902588381833,104,0.6749999999999999,0.6749999999999999
YoD4qPd6ntA,117,18.733333333333334,0.028244627942003758,34,0.2068965517241379,0.2222222222222222
Yxj0QTk4gko,118,61.43333333333333,0.011923519944972632,57,1.0,1.0
ZLgU_h1V6DA,118,60.8,0.0074228075485480525,52,1.0,1.0
ZYE7UJSA7k0,118,75.83333333333333,0.006586907326526072,57,1.0,1.0
Z_czLm560A4,117,34.5,0.008864449903497865,66,1.0,1.0
Zd_VDxlEZP8,116,67.66666666666667,0.006584434672497153,55,1.0,1.0
Zk8KnhrJpp8,117,58.46666666666667,0.01367050177987606,73,0.6545454545454547,0.6545454545454547
ZllgNaVpYz8,117,62.7,0.013568346635590667,53,0.7692307692307693,0.7307692307692306
_BcRXT8DUu0,119,58.233333333333334,0.014293918090431068,70,0.6792452830188679,1.0
_rOVBXw47mk,118,52.8,0.00433646552399766,76,0.6666666666666666,1.0
a6U0NuNx6Rs,119,21.133333333333333,0.022972237890413024,45,0.3214285714285714,0.3571428571428571
aezgXC00hQw,119,39.4,0.01889277981533608,96,0.6666666666666666,0.6666666666666666
bSmvp0w2zYY,118,57.333333333333336,0.02197359732894826,70,0.6792452830188679,1.0
bTSTMIoNf9k,117,47.36666666666667,0.00960710004643148,55,1.0,1.0
bY2yvESoWAs,117,32.06666666666667,0.00864212342915261,72,0.5205479452054794,0.6666666666666666
bhJjNBcHdNs,119,67.43333333333334,0.00911149765759567,63,0.984126984126984,1.0
bjW1WfRAk18,117,47.266666666666666,0.015701846434657683,52,1.0,1.0
cCnf1w1DzlA,118,42.0,0.012005894120942152,45,1.0,1.0
cetR8PMSK0c,119,38.56666666666667,0.012332730797501279,47,0.3684210526315789,0.0
cnkWWKwo4Ww,116,48.0,0.019750428001750118,73,0.6545454545454547,1.0
cugnPFhB2L8,117,49.266666666666666,0.010626101106387727,70,0.6538461538461539,1.0
dlXZYP7bDCY,119,50.333333333333336,0.010361349096028276,45,1.0,1.0
eDDXIycpNNU,117,49.4,0.020031176743347985,76,0.6607142857142857,0.96
eQbTz-OUyfA,117,73.93333333333334,0.01234466777854136,51,1.0,1.0
ebHTsxs9j4A,116,59.13333333333333,0.009717969016988985,47,1.0,1.0
ebgt9w3tLcQ,119,56.9,0.008231299920498085,49,1.0,1.0
f8edbq7JoqQ,118,65.5,0.0034032858078262007,86,0.65625,0.65625
f9a5K5vowLo,116,56.266666666666666,0.011895689473063365,46,1.0,1.0
faAObMnqMKY,118,60.56666666666667,0.0048692683152826806,73,0.6545454545454547,1.0
fkbhJS6HXLo,117,62.63333333333333,0.012336368843993825,77,0.6666666666666666,1.0
fmZ_nkEkZ_c,116,63.43333333333333,0.008971304590552912,49,1.0,1.0
g6mNueuu8c8,118,33.63333333333333,0.011314359790464239,57,1.0,1.0
gRacamF19ZM,119,57.233333333333334,0.008466186459036426,50,1.0,1.0
ggikYXT_Z9g,119,33.8,0.023676601775740425,71,0.6792452830188679,1.0
ggzR6BQXAk0,118,57.233333333333334,0.00251667644204211,70,0.7719298245614035,0.6792452830188679
gktSILI4uGw,115,50.0,0.010219108266924744,52,1.0,1.0
glaZwDDrTSo,116,18.733333333333334,0.03052219893241267,59,1.0,0.2272727272727272
grjlXtjRC-U,120,60.666666666666664,0.010724909863417592,72,0.6666666666666666,1.0
h7cOOfpdEfk,119,47.333333333333336,0.018840625273927367,66,0.9846153846153848,1.0
hC0AvnigvJc,117,33.43333333333333,0.017665886152424606,70,0.8571428571428571,0.8405797101449276
hV3i-2bykvo,118,52.6,0.011354043263822163,45,1.0,1.0
hV_oeKf3dLU,119,23.0,0.02439545398477953,54,1.0,1.0
hXYT32hIbX4,115,62.266666666666666,0.010758229092066042,53,1.0,1.0
hnAeK7UyQp0,118,61.3,0.004044496900869993,82,0.6557377049180327,0.6557377049180327
i5ubDN3SySI,118,29.8,0.012872854790927044,37,1.0,1.0
j3Itb7Or3aA,116,73.6,0.00805480357736837,46,1.0,1.0
jGGQyqohOaw,119,44.06666666666667,0.00939266885185668,37,1.0,1.0
jR_j-LPLBvU,117,56.96666666666667,0.010334759553204561,47,1.0,1.0
kAV_6EHIuXU,117,57.8,0.009352078485404256,48,1.0,1.0
kORjDONhB3E,116,55.53333333333333,0.005373820729901413,73,0.6785714285714285,1.0
k_M2pPYYYH0,119,53.43333333333333,0.007868619115975379,49,1.0,1.0
lNR4TrmRIcY,117,55.5,0.012995122030240993,64,1.0,1.0
lUnynBPGc-Q,116,56.233333333333334,0.016775758940931227,71,0.6792452830188679,1.0
lakJiuCazfk,116,18.566666666666666,0.025607205216836255,25,,0.1935483870967742
le6FHCO1sd8,116,31.033333333333335,0.016250642380149463,50,0.0,0.6666666666666666
lsFMXK1YPG8,119,51.93333333333333,0.011795173692102461,48,1.0,1.0
mEfvYXGi9Qw,118,46.8,0.017041474869181547,49,1.0,1.0
mMPxaBYL3hY,119,67.5,0.003190102488314965,55,1.0,1.0
mUSsyCtoC60,118,59.333333333333336,0.012176959908627282,47,1.0,1.0
n0x7jpD7upQ,119,55.3,0.00771255178927047,43,1.0,1.0
oCOWsvnWJuA,117,68.83333333333333,0.009932271674687975,50,1.0,1.0
ojRj2JK5oCI,118,33.06666666666667,0.020899373815656902,35,0.2162162162162162,0.3333333333333333
p5wp3UBBt10,119,62.4,0.008524252293507421,65,1.0,1.0
p9OZAZrw-9o,118,57.833333333333336,0.005230545858592879,81,0.6666666666666666,1.0
pOEzjT-SED0,116,53.13333333333333,0.011969687058503027,40,1.0,1.0
pPAAFMtDUzo,119,56.166666666666664,0.011818232498333966,37,1.0,1.0
pTK9FnAzgwI,117,21.166666666666668,0.03512831255914698,33,0.3673469387755101,0.1212121212121212
q1tC8PSDJe4,117,52.96666666666667,0.009380999468732202,70,1.0,1.0
qhg8a5LUk-Y,118,46.13333333333333,0.014887463081035411,64,0.6666666666666666,1.0
qtDcpyukzIw,118,66.9,0.007258239669102285,50,1.0,1.0
rPOn6B6zcGU,116,15.533333333333333,0.026567776389184512,42,,0.1621621621621621
rgQacXMj7EQ,120,53.63333333333333,0.01083339493195875,62,0.6666666666666666,1.0
s7VmlXsURZQ,115,58.0,0.008767514121991837,63,1.0,1.0
sS8jpNdABgw,116,52.13333333333333,0.0060392669730447825,37,1.0,1.0
tBCoITfR6GQ,118,51.7,0.01142209640590588,61,1.0,1.0
tIqmSwfnRSw,119,56.266666666666666,0.0030087480690925215,74,1.0,1.0
tQbIvj7jM9A,117,49.4,0.019376390415799104,32,0.2716049382716049,0.8125
tuhxZytmhss,117,30.466666666666665,0.018664585898828877,70,0.6538461538461539,0.6538461538461539
uRleWlf-trQ,119,41.1,0.012776516235638245,65,1.0,1.0
uZUSXcdYGS4,117,64.7,0.008297330139279649,52,1.0,1.0
vF1zk38YxKQ,117,39.833333333333336,0.004060496638138792,50,1.0,1.0
wR9XzsRdg1M,119,62.666666666666664,0.003566606662558912,74,0.6545454545454547,1.0
wbfPOw65xXw,117,38.4,0.008274926284426644,37,0.7346938775510204,0.6785714285714285
whnKlYxrops,118,65.86666666666666,0.011411343486742184,82,0.6557377049180327,0.6557377049180327
wlTbG2KT7Qs,118,44.03333333333333,0.010041841589895201,53,0.6582278481012659,0.0
x0tJ_ICD47Y,119,45.666666666666664,0.006520127505467712,93,0.6666666666666666,0.6666666666666666
x4XOZ4LotYc,117,69.6,0.00480354786313721,53,1.0,1.0
x_rLT6Y93rk,119,22.9,0.021378268679720355,38,0.8947368421052632,0.8947368421052632
xiWtqVtd1Oo,118,69.76666666666667,0.007975654355399502,66,1.0,1.0
xz1bDy8Kt38,116,64.3,0.010255781302714357,64,1.0,1.0
yZfHX-TsaC4,119,64.76666666666667,0.008396072631726993,52,1.0,1.0
